beneficiary_id,region,gender,age_group
1001,Rajasthan,Male,Adult
1002,Bihar,Female,Child
1003,Karnataka,Male,Child
1004,Uttar Pradesh,Male,Child
1005,Rajasthan,Female,Adult
1006,Rajasthan,Female,Senior
1007,Karnataka,Female,Child
1008,Uttar Pradesh,Female,Adult
1009,Bihar,Female,Child
1010,Tamil Nadu,Male,Senior
1011,Uttar Pradesh,Male,Adult
1012,Karnataka,Male,Adult
1013,Rajasthan,Male,Adult
1014,Bihar,Female,Adult
1015,Uttar Pradesh,Male,Child
1016,Tamil Nadu,Female,Child
1017,Tamil Nadu,Female,Adult
1018,Maharashtra,Female,Adult
1019,Maharashtra,Female,Senior
1020,Karnataka,Female,Senior
1021,Uttar Pradesh,Female,Adult
1022,Uttar Pradesh,Male,Adult
1023,Rajasthan,Female,Senior
1024,Rajasthan,Male,Adult
1025,Rajasthan,Male,Child
1026,Maharashtra,Female,Adult
1027,Uttar Pradesh,Male,Child
1028,Uttar Pradesh,Female,Senior
1029,Tamil Nadu,Female,Adult
1030,Maharashtra,Female,Child
1031,Bihar,Male,Adult
1032,Maharashtra,Male,Adult
1033,Bihar,Female,Child
1034,Tamil Nadu,Male,Child
1035,Karnataka,Female,Adult
1036,Uttar Pradesh,Female,Adult
1037,Tamil Nadu,Female,Adult
1038,Uttar Pradesh,Male,Adult
1039,Rajasthan,Male,Adult
1040,Karnataka,Female,Adult
1041,Karnataka,Male,Adult
1042,Tamil Nadu,Male,Adult
1043,Karnataka,Female,Adult
1044,Bihar,Female,Child
1045,Karnataka,Female,Child
1046,Uttar Pradesh,Female,Adult
1047,Uttar Pradesh,Male,Adult
1048,Uttar Pradesh,Female,Adult
1049,Uttar Pradesh,Female,Child
1050,Bihar,Male,Child
1051,Maharashtra,Female,Child
1052,Rajasthan,Female,Child
1053,Tamil Nadu,Female,Adult
1054,Uttar Pradesh,Female,Child
1055,Karnataka,Female,Adult
1056,Uttar Pradesh,Male,Senior
1057,Karnataka,Male,Child
1058,Rajasthan,Female,Adult
1059,Rajasthan,Female,Adult
1060,Rajasthan,Female,Child
1061,Karnataka,Female,Adult
1062,Uttar Pradesh,Female,Adult
1063,Rajasthan,Female,Senior
1064,Bihar,Female,Child
1065,Karnataka,Female,Senior
1066,Karnataka,Female,Adult
1067,Uttar Pradesh,Female,Child
1068,Karnataka,Female,Adult
1069,Karnataka,Male,Senior
1070,Rajasthan,Male,Adult
1071,Uttar Pradesh,Male,Child
1072,Rajasthan,Female,Adult
1073,Rajasthan,Male,Child
1074,Uttar Pradesh,Male,Child
1075,Tamil Nadu,Female,Child
1076,Rajasthan,Male,Child
1077,Bihar,Female,Child
1078,Bihar,Male,Child
1079,Karnataka,Male,Adult
1080,Bihar,Female,Child
1081,Karnataka,Male,Child
1082,Tamil Nadu,Male,Adult
1083,Uttar Pradesh,Female,Adult
1084,Uttar Pradesh,Female,Adult
1085,Uttar Pradesh,Male,Child
1086,Bihar,Female,Child
1087,Tamil Nadu,Male,Child
1088,Bihar,Male,Child
1089,Bihar,Female,Child
1090,Tamil Nadu,Female,Child
1091,Tamil Nadu,Female,Child
1092,Tamil Nadu,Female,Child
1093,Tamil Nadu,Female,Adult
1094,Uttar Pradesh,Female,Child
1095,Maharashtra,Male,Child
1096,Maharashtra,Female,Adult
1097,Tamil Nadu,Male,Adult
1098,Maharashtra,Male,Child
1099,Maharashtra,Male,Adult
1100,Tamil Nadu,Male,Adult
1101,Maharashtra,Female,Child
1102,Bihar,Female,Adult
1103,Karnataka,Female,Senior
1104,Karnataka,Male,Child
1105,Tamil Nadu,Male,Child
1106,Uttar Pradesh,Male,Adult
1107,Tamil Nadu,Male,Adult
1108,Uttar Pradesh,Female,Child
1109,Karnataka,Female,Child
1110,Tamil Nadu,Female,Child
1111,Rajasthan,Male,Adult
1112,Bihar,Female,Adult
1113,Maharashtra,Female,Child
1114,Uttar Pradesh,Female,Adult
1115,Rajasthan,Female,Adult
1116,Maharashtra,Male,Child
1117,Maharashtra,Male,Child
1118,Tamil Nadu,Male,Adult
1119,Maharashtra,Female,Adult
1120,Bihar,Male,Adult
1121,Rajasthan,Male,Adult
1122,Maharashtra,Male,Child
1123,Tamil Nadu,Male,Adult
1124,Bihar,Female,Adult
1125,Karnataka,Female,Child
1126,Rajasthan,Male,Child
1127,Maharashtra,Male,Child
1128,Tamil Nadu,Female,Child
1129,Karnataka,Male,Child
1130,Karnataka,Male,Child
1131,Uttar Pradesh,Male,Child
1132,Bihar,Male,Child
1133,Maharashtra,Female,Adult
1134,Tamil Nadu,Female,Adult
1135,Uttar Pradesh,Male,Adult
1136,Bihar,Male,Adult
1137,Uttar Pradesh,Female,Adult
1138,Rajasthan,Female,Child
1139,Bihar,Female,Adult
1140,Bihar,Female,Adult
1141,Maharashtra,Male,Adult
1142,Bihar,Male,Adult
1143,Uttar Pradesh,Female,Child
1144,Bihar,Male,Child
1145,Maharashtra,Female,Child
1146,Maharashtra,Female,Adult
1147,Rajasthan,Female,Adult
1148,Uttar Pradesh,Male,Child
1149,Karnataka,Female,Senior
1150,Karnataka,Male,Adult
1151,Bihar,Female,Child
1152,Rajasthan,Female,Child
1153,Tamil Nadu,Male,Child
1154,Bihar,Female,Child
1155,Rajasthan,Female,Child
1156,Uttar Pradesh,Male,Child
1157,Uttar Pradesh,Male,Child
1158,Uttar Pradesh,Male,Child
1159,Uttar Pradesh,Male,Adult
1160,Uttar Pradesh,Male,Child
1161,Rajasthan,Female,Adult
1162,Rajasthan,Male,Adult
1163,Maharashtra,Male,Senior
1164,Karnataka,Female,Child
1165,Uttar Pradesh,Male,Child
1166,Tamil Nadu,Female,Senior
1167,Rajasthan,Male,Adult
1168,Tamil Nadu,Male,Adult
1169,Tamil Nadu,Female,Child
1170,Tamil Nadu,Female,Child
1171,Maharashtra,Female,Adult
1172,Rajasthan,Female,Senior
1173,Tamil Nadu,Female,Adult
1174,Uttar Pradesh,Male,Adult
1175,Bihar,Male,Child
1176,Tamil Nadu,Female,Adult
1177,Maharashtra,Female,Child
1178,Rajasthan,Female,Child
1179,Maharashtra,Male,Adult
1180,Tamil Nadu,Male,Adult
1181,Rajasthan,Female,Child
1182,Bihar,Male,Child
1183,Tamil Nadu,Female,Adult
1184,Maharashtra,Female,Child
1185,Karnataka,Male,Adult
1186,Uttar Pradesh,Female,Child
1187,Maharashtra,Female,Adult
1188,Rajasthan,Male,Adult
1189,Tamil Nadu,Female,Child
1190,Uttar Pradesh,Female,Child
1191,Tamil Nadu,Female,Child
1192,Rajasthan,Male,Child
1193,Tamil Nadu,Female,Senior
1194,Karnataka,Male,Child
1195,Uttar Pradesh,Male,Adult
1196,Uttar Pradesh,Female,Child
1197,Rajasthan,Male,Adult
1198,Karnataka,Male,Adult
1199,Maharashtra,Female,Adult
1200,Tamil Nadu,Female,Adult
1201,Bihar,Female,Adult
1202,Tamil Nadu,Female,Child
1203,Tamil Nadu,Male,Senior
1204,Maharashtra,Male,Adult
1205,Tamil Nadu,Male,Senior
1206,Karnataka,Female,Child
1207,Karnataka,Female,Adult
1208,Uttar Pradesh,Female,Senior
1209,Rajasthan,Female,Child
1210,Bihar,Male,Child
1211,Tamil Nadu,Female,Adult
1212,Tamil Nadu,Male,Adult
1213,Maharashtra,Female,Adult
1214,Rajasthan,Male,Child
1215,Karnataka,Female,Adult
1216,Bihar,Male,Child
1217,Uttar Pradesh,Male,Child
1218,Karnataka,Male,Child
1219,Rajasthan,Female,Adult
1220,Uttar Pradesh,Female,Adult
1221,Maharashtra,Male,Adult
1222,Maharashtra,Male,Child
1223,Tamil Nadu,Female,Adult
1224,Rajasthan,Male,Child
1225,Bihar,Female,Adult
1226,Uttar Pradesh,Female,Adult
1227,Karnataka,Male,Child
1228,Rajasthan,Male,Adult
1229,Rajasthan,Female,Child
1230,Maharashtra,Male,Adult
1231,Tamil Nadu,Male,Adult
1232,Tamil Nadu,Female,Child
1233,Uttar Pradesh,Female,Adult
1234,Maharashtra,Female,Child
1235,Rajasthan,Female,Adult
1236,Bihar,Male,Senior
1237,Maharashtra,Male,Adult
1238,Uttar Pradesh,Female,Child
1239,Uttar Pradesh,Female,Senior
1240,Maharashtra,Male,Adult
1241,Uttar Pradesh,Female,Child
1242,Maharashtra,Male,Child
1243,Karnataka,Female,Adult
1244,Maharashtra,Male,Adult
1245,Maharashtra,Male,Adult
1246,Uttar Pradesh,Male,Adult
1247,Uttar Pradesh,Male,Adult
1248,Tamil Nadu,Male,Child
1249,Tamil Nadu,Female,Child
1250,Karnataka,Female,Child
1251,Tamil Nadu,Female,Adult
1252,Maharashtra,Female,Child
1253,Uttar Pradesh,Male,Adult
1254,Tamil Nadu,Male,Adult
1255,Tamil Nadu,Female,Adult
1256,Karnataka,Male,Child
1257,Rajasthan,Female,Adult
1258,Karnataka,Male,Child
1259,Maharashtra,Female,Adult
1260,Uttar Pradesh,Male,Child
1261,Karnataka,Female,Child
1262,Tamil Nadu,Female,Adult
1263,Uttar Pradesh,Female,Child
1264,Uttar Pradesh,Male,Child
1265,Tamil Nadu,Female,Adult
1266,Karnataka,Female,Adult
1267,Tamil Nadu,Female,Adult
1268,Rajasthan,Female,Adult
1269,Uttar Pradesh,Female,Adult
1270,Bihar,Male,Child
1271,Bihar,Female,Child
1272,Maharashtra,Female,Child
1273,Tamil Nadu,Female,Senior
1274,Tamil Nadu,Male,Adult
1275,Maharashtra,Male,Adult
1276,Maharashtra,Female,Adult
1277,Maharashtra,Female,Senior
1278,Uttar Pradesh,Male,Child
1279,Rajasthan,Female,Adult
1280,Tamil Nadu,Male,Adult
1281,Uttar Pradesh,Male,Adult
1282,Maharashtra,Male,Child
1283,Tamil Nadu,Male,Adult
1284,Uttar Pradesh,Female,Senior
1285,Rajasthan,Male,Adult
1286,Uttar Pradesh,Female,Adult
1287,Rajasthan,Female,Senior
1288,Maharashtra,Female,Adult
1289,Rajasthan,Female,Child
1290,Tamil Nadu,Male,Adult
1291,Maharashtra,Female,Adult
1292,Tamil Nadu,Female,Adult
1293,Bihar,Male,Adult
1294,Karnataka,Female,Senior
1295,Rajasthan,Female,Senior
1296,Karnataka,Female,Adult
1297,Karnataka,Female,Child
1298,Rajasthan,Female,Senior
1299,Maharashtra,Male,Adult
1300,Bihar,Female,Child
