program_id,beneficiary_id,completion_status
9,1001,In Progress
1,1002,Completed
6,1003,In Progress
7,1004,Completed
3,1005,Completed
8,1006,Completed
5,1007,In Progress
9,1008,Completed
5,1009,Completed
9,1010,In Progress
10,1011,Completed
4,1012,Completed
9,1013,Completed
5,1014,In Progress
10,1015,Completed
9,1016,In Progress
3,1017,Completed
4,1018,Dropped
9,1019,In Progress
10,1020,Dropped
6,1021,Completed
2,1022,In Progress
7,1023,Completed
2,1024,Completed
2,1025,Completed
1,1026,In Progress
3,1027,Dropped
6,1028,In Progress
8,1029,Completed
9,1030,Completed
7,1031,In Progress
4,1032,Completed
6,1033,Completed
5,1034,Completed
8,1035,Completed
1,1036,Completed
1,1037,Completed
6,1038,Completed
10,1039,Completed
2,1040,Dropped
5,1041,Completed
1,1042,Completed
7,1043,In Progress
1,1044,Completed
4,1045,Dropped
9,1046,In Progress
1,1047,Completed
4,1048,Completed
6,1049,In Progress
6,1050,Dropped
8,1051,Completed
1,1052,Completed
7,1053,Completed
1,1054,Dropped
7,1055,Completed
3,1056,Dropped
8,1057,Completed
3,1058,Completed
1,1059,Completed
8,1060,Completed
3,1061,Completed
2,1062,Completed
1,1063,Completed
3,1064,In Progress
2,1065,Completed
2,1066,Completed
6,1067,Dropped
1,1068,In Progress
2,1069,Dropped
6,1070,Dropped
3,1071,Completed
4,1072,Completed
1,1073,In Progress
8,1074,In Progress
7,1075,Completed
7,1076,In Progress
3,1077,Completed
10,1078,Completed
10,1079,Completed
3,1080,Completed
2,1081,Completed
1,1082,Completed
7,1083,In Progress
7,1084,Completed
2,1085,Completed
7,1086,In Progress
8,1087,Dropped
1,1088,In Progress
9,1089,In Progress
7,1090,In Progress
3,1091,Completed
8,1092,Completed
7,1093,Completed
8,1094,Completed
6,1095,Completed
9,1096,In Progress
5,1097,Completed
3,1098,Completed
3,1099,Completed
1,1100,In Progress
8,1101,Completed
2,1102,In Progress
3,1103,Completed
8,1104,Completed
8,1105,Completed
4,1106,In Progress
4,1107,Completed
5,1108,In Progress
6,1109,Completed
5,1110,Completed
7,1111,In Progress
2,1112,In Progress
7,1113,In Progress
10,1114,In Progress
7,1115,In Progress
1,1116,In Progress
7,1117,In Progress
5,1118,In Progress
3,1119,In Progress
3,1120,Completed
4,1121,In Progress
2,1122,Completed
2,1123,In Progress
1,1124,In Progress
5,1125,Completed
4,1126,In Progress
10,1127,Completed
2,1128,Completed
3,1129,In Progress
7,1130,Completed
7,1131,In Progress
4,1132,In Progress
5,1133,Completed
5,1134,Completed
6,1135,Completed
9,1136,Completed
2,1137,Dropped
5,1138,Completed
3,1139,Completed
4,1140,Completed
10,1141,Completed
6,1142,In Progress
8,1143,Completed
1,1144,In Progress
10,1145,Completed
8,1146,Dropped
7,1147,Completed
1,1148,Completed
2,1149,Dropped
3,1150,Completed
1,1151,Dropped
9,1152,In Progress
8,1153,Completed
2,1154,Completed
9,1155,In Progress
7,1156,Completed
9,1157,Completed
6,1158,Completed
6,1159,Completed
4,1160,Completed
10,1161,In Progress
10,1162,Dropped
2,1163,Dropped
7,1164,In Progress
5,1165,Completed
6,1166,In Progress
2,1167,Completed
5,1168,Completed
10,1169,Completed
4,1170,Completed
9,1171,In Progress
6,1172,In Progress
2,1173,Completed
1,1174,Completed
5,1175,Dropped
9,1176,Completed
6,1177,Completed
10,1178,Completed
7,1179,In Progress
5,1180,In Progress
10,1181,Completed
6,1182,Completed
5,1183,In Progress
9,1184,In Progress
6,1185,Completed
8,1186,Dropped
2,1187,Completed
9,1188,Completed
5,1189,Dropped
7,1190,Completed
10,1191,Completed
1,1192,Completed
10,1193,Completed
5,1194,Dropped
10,1195,Completed
2,1196,In Progress
6,1197,Completed
1,1198,Completed
3,1199,Completed
5,1200,In Progress
4,1201,Completed
3,1202,In Progress
10,1203,Completed
5,1204,Dropped
8,1205,Completed
4,1206,In Progress
1,1207,In Progress
7,1208,In Progress
8,1209,In Progress
3,1210,In Progress
6,1211,Completed
2,1212,Completed
7,1213,Completed
8,1214,Dropped
6,1215,Completed
6,1216,In Progress
5,1217,Completed
8,1218,Completed
1,1219,Completed
10,1220,In Progress
4,1221,Completed
4,1222,Completed
3,1223,Completed
3,1224,Completed
4,1225,Completed
1,1226,Completed
2,1227,In Progress
9,1228,Completed
10,1229,Completed
2,1230,Completed
5,1231,Completed
9,1232,Completed
9,1233,Completed
8,1234,Completed
1,1235,Completed
1,1236,In Progress
9,1237,In Progress
8,1238,In Progress
10,1239,Completed
9,1240,Completed
7,1241,Completed
3,1242,Completed
3,1243,Dropped
2,1244,Completed
5,1245,Completed
3,1246,Completed
6,1247,In Progress
2,1248,Completed
3,1249,Completed
5,1250,Completed
1,1251,Completed
1,1252,Completed
10,1253,Completed
9,1254,Completed
7,1255,Completed
1,1256,Completed
8,1257,Completed
3,1258,Completed
8,1259,In Progress
5,1260,In Progress
1,1261,Completed
7,1262,Completed
5,1263,Completed
6,1264,Completed
6,1265,In Progress
8,1266,Completed
9,1267,Dropped
2,1268,Completed
9,1269,Completed
10,1270,In Progress
9,1271,In Progress
10,1272,In Progress
10,1273,In Progress
7,1274,Completed
1,1275,In Progress
7,1276,Completed
10,1277,In Progress
5,1278,Completed
6,1279,In Progress
10,1280,Completed
7,1281,Completed
5,1282,Completed
7,1283,In Progress
9,1284,Completed
3,1285,Completed
8,1286,Completed
2,1287,Completed
7,1288,In Progress
2,1289,Completed
4,1290,Dropped
7,1291,Completed
3,1292,Completed
2,1293,In Progress
10,1294,In Progress
7,1295,Completed
1,1296,Completed
8,1297,In Progress
3,1298,Completed
2,1299,Dropped
3,1300,Dropped
